dataset_short_name,categorical_encoding,level,f1_mean,f1_std,f1_rank
gigantic/0.45,Trace2Vec Average Then Concatinate,attribute,0.0727666456559216,0.015534694245820607,1.0
gigantic/0.45,Trace2Vec Average Then Concatinate,event,0.11521188423598261,0.03970581698691073,1.0
gigantic/0.45,Trace2Vec Average Then Concatinate,trace,0.36460223848601664,0.06515875929036247,1.0
gigantic/0.45,Trace2Vec Concatinate,attribute,0.06456101134869008,0.03144360971057831,2.0
gigantic/0.45,Trace2Vec Concatinate,event,0.09620003680920348,0.019453351000726316,2.0
gigantic/0.45,Trace2Vec Concatinate,trace,0.35512536370634235,0.04358154214659622,2.0
gigantic/0.45,Trace2Vec Average Then Concatinate,combined,0.18419358945930694,0.1364276976239754,1.0
gigantic/0.45,Trace2Vec Concatinate,combined,0.17196213728807863,0.13435245924963266,2.0
